Onliner ID;Раздел;Производитель;Товар;Артикул;id-предложения;Цена;Валюта;Описание предложения;Изготовитель;Импортер;Сервисный центр;Гарантия;Срок доставки по Минску;Срок доставки по РБ;Только для юр. лиц;Наличие на складе;В наличии на складе;Срок рассрочки по Халве;Onliner Prime;Цена по промокоду;Повышенная рассрочка Minipay;Кредит на «Родныя тавары»
4719875;Видеокарты;Palit;GeForce RTX 5090 GameRock NE75090019R5-GB2020G;NE75090019R5-GB2020G;;19300;BYN;Цена включает НДС. В наличии 5шт. Доставка только в будние дни. Выходные дни в сроке заказа не учитываются.;Палит Микросистемс ЛТД. Европейский Офис: Отто Бреннер-Ул. 5, 47877 Виллих, Германия.;"ООО ""АйТи Дистрибуция"". Минский район, Боровлянский сельсовет, 103/3-7;
ООО ""КОМПЬЮТЕРЫ И ПЕРИФЕРИЯ"". г. Минск, 1-й Измайловский пер. 51/2";"""ООО """"КОМПЬЮТЕРЫ И ПЕРИФЕРИЯ"""". г. Минск, 1-й Измайловский пер. 51/2;
ЧП """"МобиЛАБ СЦ"""". г. Минск, ул. Толбухина, 2А""";12;2;4;да;;нет;;нет;0;нет;нет
4557228;Женские и мужские сумки;CaseM;17.3 LB-1001 (серый);LB-1001;;19;BYN;Цена включает НДС. В наличии 1шт. Доставка только в будние дни. Выходные дни в сроке заказа не учитываются.;Рекрам Лимитед Офис 4. 10/Ф, Кван Чарт Товер, №6 Тонночи Роад, Ванхай, Специальный административный регион Китая, Гонконг, Китай.;"ООО ""Корпоративный стандарт"", Минский район, район д. Боровляны, ул. 40 лет Победы, 27, корпус 1, комната 37";"ООО ""Корпоративный стандарт"", Минский район, район д. Боровляны, ул. 40 лет Победы, 27, корпус 1, комната 37";1;2;4;да;;нет;;нет;0;нет;нет
2359975;Кабели, адаптеры, разветвители;ExeGate;Адаптер ExeGate HDMI - VGA EX284927RUS;EX284927RUS, EX-HDMIM-VGAF-C;;9;BYN;Цена включает НДС. В наличии 1шт. Доставка только в будние дни. Выходные дни в сроке заказа не учитываются;ЭКЗЕГЕЙТ ЛИМИТЕД. 302, Доминион Сентр, 43-59 Куинз Роад Ист, Ванчай, Гонконг;"ООО ""Белайтисервис"", г.Минск, ул. Тростенецкая, 5";"ООО ""Белайтисервис"", г.Минск, ул. Тростенецкая, 5/15";1;2;4;да;;нет;;нет;0;нет;нет
1074912;Кабели, адаптеры, разветвители;Gembird;Планка Gembird SPC-1;SPC-1;;22,4;BYN;Цена включает НДС. Доставка только в будние дни. Выходные дни в сроке заказа не учитываются.;Гемберд Европа Б.В. Виттевроувен 56, 1358 Алмере, Нидерланды.;"ООО ""Белайтисервис"", г.Минск, ул. Тростенецкая, 5";"ООО ""Белайтисервис"", г.Минск, ул. Тростенецкая, 5/15";12;2;4;да;;нет;;нет;0;нет;нет
4904449;Кабели, адаптеры, разветвители;iOpen;Кабель iOpen ANP612 RJ-45 - RJ-45 (5 м, черный);ANP612B-BK-5M;;9;BYN;Цена включает НДС. В наличии 7шт. Доставка только в будние дни. Выходные дни в сроке заказа не учитываются;Ай-Оупен Текнолоджиз Лимитед. 114 Хакторн Роуд, Кэшмир, Крайстчерч, 8022, Новая Зеландия;"ООО ""Белайтисервис"", г.Минск, ул. Тростенецкая, 5";"ООО ""Белайтисервис"", г.Минск, ул. Тростенецкая, 5/15";1;2;4;да;;нет;;нет;0;нет;нет
3065674;Кабели, адаптеры, разветвители;Ugreen;US210 30753;30753;;12,6;BYN;Цена включает НДС. В наличии 1шт. Доставка только в будние дни. Выходные дни в сроке заказа не учитываются.;Угреен Груп Лимитед. Блок 6,Парк Индустритал Лунчэн,Лонгхуа,Шэньчжэнь,Китай.;"""ООО """"АйТи Дистрибуция"""". Минский район, Боровлянский сельсовет, 103/3-7;";"ЧП """"МобиЛАБ СЦ"""". г. Минск, ул. Толбухина, 2А""";3;2;4;да;;нет;;нет;0;нет;нет
2638474;Кабели, адаптеры, разветвители;VCOM;CG484GD-1.8M;CG484GD-1.8M;;19,9;BYN;Цена включает НДС. Доставка только в будние дни. Выходные дни в сроке заказа не учитываются.;ВКОМ Интернешнл ЛТД. 1/2Ф, корпус Г, бизнес-центр Юкэ, Кесин дороге, Танся, Заречье Тианхе, Гуанчжоу, Китай.;ООО «Надежная техника» г. Минск, ул. Скрыганова, д. 6а, пом. 25, оф. 29;ООО «Надежная техника» г. Минск, ул. Скрыганова, д.6а, пом. 25, оф. 10;3;2;4;да;;нет;;нет;0;нет;нет
1120218;Картриджи для принтеров и МФУ;Canon;C-EXV 54M;1396C002AA;;199;BYN;Цена включает НДС. В наличии 1шт. Доставка только в будние дни. Выходные дни в сроке заказа не учитываются;Кэнон ИНК. 30-2, Шимомаруко 3-Темэ, Охта-ку, Токио, 146-8501, Япония.;"ООО ""Компьютеры и периферия"" г. Минск, пер. измайловский 1-й, дом № 51, комната 27";"ООО ""Белайтисервис"", г.Минск, ул. Тростенецкая, 5/15";12;2;4;да;;нет;;нет;0;нет;нет
804812;Картриджи для принтеров и МФУ;Canon;C-EXV49 Magenta [8526B002];8526B002;;199;BYN;Цена включает НДС. В наличии 1шт. Доставка только в будние дни. Выходные дни в сроке заказа не учитываются;Кэнон ИНК. 30-2, Шимомаруко 3-Темэ, Охта-ку, Токио, 146-8501, Япония;"ООО ""Компьютеры и периферия"" г. Минск, пер. измайловский 1-й, дом № 51, комната 27";"ООО ""Белайтисервис"", г.Минск, ул. Тростенецкая, 5/15";12;2;4;да;;нет;;нет;0;нет;нет
4194661;Коммутаторы;Mikrotik;CRS518-16XS-2XQ-RM;CRS518-16XS-2XQ-RM;;6980;BYN;Цена включает НДС. В наличии 1шт. Доставка только в будние дни. Выходные дни в сроке заказа не учитываются.;Микротиклс, СИА. Латвия, ЛВ-1009 Рига, улица Пернавас 46;"Частное торговое унитарное предприятие ""ЭлСиСистемс"". г. Минск, ул. Некрасова, дом 39-1, каб. 322";"ЧП ""МобиЛАБ СЦ"". г. Минск, ул. Толбухина, 2А";12;1;3;да;;нет;;нет;0;нет;нет
5073723;Ноутбуки;ASUS;ExpertBook B3 B3605CCA-MB0080;90NX08N1-M00340;;3990;BYN;Цена включает НДС. В наличии 1шт. Доставка только в будние дни. Выходные дни в сроке заказа не учитываются;Асус Технолоджи, Бэйтоу, Тайбэй, Тайвань / Asus Technology Ltd, Beitou District, Taipei, Taiwan;"""ООО """"АйТи Дистрибуция"""". Минский район, Боровлянский сельсовет, 103/3-7;
ООО """"КОМПЬЮТЕРЫ И ПЕРИФЕРИЯ"""". г. Минск, 1-й Измайловский пер. 51/2""";"""ООО """"КОМПЬЮТЕРЫ И ПЕРИФЕРИЯ"""". г. Минск, 1-й Измайловский пер. 51/2;
ЧП """"МобиЛАБ СЦ"""". г. Минск, ул. Толбухина, 2А""";12;2;4;да;;да;;нет;0;нет;нет
5281645;Ноутбуки;ASUS;ExpertBook B5 B5405CCA-NZ1264;B5405CCA-NZ1264;;4940;BYN;В наличии 2 шт. Цены с НДС. Возможность установки Windows. Цена действительна в день заказа. Доставка только в будние дни. Выходные дни в сроке заказа не учитываются.;Асустек Компьютер ИНК. Номер 15, Ли-Те-РД., Тайбэй, Тайбэй 112, Тайвань, Р. О. С;"ООО ""АйТи Дистрибуция"". Минский район, Боровлянский сельсовет, 103/3-7;
ООО ""КОМПЬЮТЕРЫ И ПЕРИФЕРИЯ"". г. Минск, 1-й Измайловский пер. 51/2";"""ООО """"КОМПЬЮТЕРЫ И ПЕРИФЕРИЯ"""". г. Минск, 1-й Измайловский пер. 51/2;
ЧП """"МобиЛАБ СЦ"""". г. Минск, ул. Толбухина, 2А""";12;1;4;да;;да;;нет;0;нет;нет
5143950;Ноутбуки;ASUS;ExpertBook P1 P1503CVA-i5H16512G0D;P1503CVA-i5H16512G0D;;2800;BYN;Опт. Цены с НДС. В наличии большое кол-во. Возможность установки Windows и увеличение оперативной памяти до 32GB. Цена действительна в день заказа. Доставка только в будние дни. Выходные дни в сроке заказа не учитываются.;Асустек Компьютер ИНК. Номер 15, Ли-Те-РД., Тайбэй, Тайбэй 112, Тайвань, Р. О. С;"ООО ""АйТи Дистрибуция"". Минский район, Боровлянский сельсовет, 103/3-7;
ООО ""КОМПЬЮТЕРЫ И ПЕРИФЕРИЯ"". г. Минск, 1-й Измайловский пер. 51/2";"""ООО """"КОМПЬЮТЕРЫ И ПЕРИФЕРИЯ"""". г. Минск, 1-й Измайловский пер. 51/2;
ЧП """"МобиЛАБ СЦ"""". г. Минск, ул. Толбухина, 2А""";12;1;4;да;;да;;нет;0;нет;нет
5143688;Ноутбуки;ASUS;ExpertBook P1 P1503CVA-I716512B0D;P1503CVA-I716512B0D;;3190;BYN;Опт. Цены с НДС. В наличии большое кол-во. Возможность установки Windows и увеличение оперативной памяти до 32GB. Цена действительна в день заказа. Доставка только в будние дни. Выходные дни в сроке заказа не учитываются.;Асустек Компьютер ИНК. Номер 15, Ли-Те-РД., Тайбэй, Тайбэй 112, Тайвань, Р. О. С;"ООО ""АйТи Дистрибуция"". Минский район, Боровлянский сельсовет, 103/3-7;
ООО ""КОМПЬЮТЕРЫ И ПЕРИФЕРИЯ"". г. Минск, 1-й Измайловский пер. 51/2";"""ООО """"КОМПЬЮТЕРЫ И ПЕРИФЕРИЯ"""". г. Минск, 1-й Измайловский пер. 51/2;
ЧП """"МобиЛАБ СЦ"""". г. Минск, ул. Толбухина, 2А""";12;1;4;да;;да;;нет;0;нет;нет
4803448;Системы охлаждения;DeepCool;Вентилятор для корпуса DeepCool CG530 R-EDF120-BKAPP17-G-1; R-EDF120-BKAPP17-G-1;;24;BYN;Цена включает НДС. В наличии 3шт. Доставка только в будние дни. Выходные дни в сроке заказа не учитываются;ДигиСансе С.Л. С/ИСАБЕЛЬ ЦОЛБРАНД 10,ПЛАНТА 4, ОФИС 122. 28050 Мадрид;"""ООО """"АйТи Дистрибуция"""". Минский район, Боровлянский сельсовет, 103/3-7;";"ЧП """"МобиЛАБ СЦ"""". г. Минск, ул. Толбухина, 2А""";6;2;4;да;;нет;;нет;0;нет;нет
4589554;Системы охлаждения;ID-Cooling;Кулер для процессора ID-Cooling IS-30A Black;IS-30A Black;;39;BYN;Цена включает НДС. В наличии 8шт. Доставка только в будние дни. Выходные дни в сроке заказа не учитываются;ИД Кулинг ЛТД. 5А, корп. А, Xиангми раз, Qиаоxианг дороги, футиан округа, Шэньчжэнь, Китай;"""ООО """"АйТи Дистрибуция"""". Минский район, Боровлянский сельсовет, 103/3-7;";"ЧП """"МобиЛАБ СЦ"""". г. Минск, ул. Толбухина, 2А""";6;2;4;да;;нет;;нет;0;нет;нет
